{
  "project_info": {
    "project_number": "462124750962",
    "project_id": "testemobile-7dbbd",
    "storage_bucket": "testemobile-7dbbd.appspot.com"
  },
  "client": [
    {
      "client_info": {
        "mobilesdk_app_id": "1:462124750962:android:7f8e92f7a696c1e6284aeb",
        "android_client_info": {
          "package_name": "com.example.roupas"
        }
      },
      "oauth_client": [
        {
          "client_id": "462124750962-oqjgv8o6o44mmf9q31obebahc6o2qre1.apps.googleusercontent.com",
          "client_type": 1,
          "android_info": {
            "package_name": "com.example.roupas",
            "certificate_hash": "506067e2d3eee3088fcaf2f53696a26914bc72aa"
          }
        },
        {
          "client_id": "462124750962-8dpv55igo5pvhkosnsn9e7ojiokijhni.apps.googleusercontent.com",
          "client_type": 3
        }
      ],
      "api_key": [
        {
          "current_key": "AIzaSyCE8gp48PMfosJMpiLP9b2MgoyoBfKQUaA"
        }
      ],
      "services": {
        "appinvite_service": {
          "other_platform_oauth_client": [
            {
              "client_id": "462124750962-8dpv55igo5pvhkosnsn9e7ojiokijhni.apps.googleusercontent.com",
              "client_type": 3
            }
          ]
        }
      }
    },
    {
      "client_info": {
        "mobilesdk_app_id": "1:462124750962:android:1c72d5ec3d269d5e284aeb",
        "android_client_info": {
          "package_name": "com.example.roupasai"
        }
      },
      "oauth_client": [
        {
          "client_id": "462124750962-jeo6krdmfmpqubtirg56b7ui89q8gf8d.apps.googleusercontent.com",
          "client_type": 1,
          "android_info": {
            "package_name": "com.example.roupasai",
            "certificate_hash": "dc52d973bc475c0cf9dd3a63111bd776101fdada"
          }
        },
        {
          "client_id": "462124750962-8dpv55igo5pvhkosnsn9e7ojiokijhni.apps.googleusercontent.com",
          "client_type": 3
        }
      ],
      "api_key": [
        {
          "current_key": "AIzaSyCE8gp48PMfosJMpiLP9b2MgoyoBfKQUaA"
        }
      ],
      "services": {
        "appinvite_service": {
          "other_platform_oauth_client": [
            {
              "client_id": "462124750962-8dpv55igo5pvhkosnsn9e7ojiokijhni.apps.googleusercontent.com",
              "client_type": 3
            }
          ]
        }
      }
    }
  ],
  "configuration_version": "1"
}